#,"Country,Other",TotalCases,NewCases,TotalDeaths,NewDeaths,TotalRecovered,NewRecovered,ActiveCases,"Serious,Critical",Tot Cases/1M pop,Deaths/1M pop,TotalTests,"Tests/
1M pop
",Population,Continent,1 Caseevery X ppl,1 Deathevery X ppl,1 Testevery X ppl
,North America,"37,378,156","+18,986","846,577",+676,"29,038,932","+12,487","7,492,647","17,106",,,,,,North America,,,
,Asia,"33,781,298","+396,098","467,260","+2,999","29,440,130","+303,995","3,873,908","29,379",,,,,,Asia,,,
,South America,"23,315,120","+8,555","620,770",+131,"20,882,653","+8,686","1,811,697","24,542",,,,,,South America,,,
,Europe,"42,800,565","+85,519","975,287","+1,904","37,088,535","+110,817","4,736,743","32,412",,,,,,Europe,,,
,Africa,"4,461,772","+2,496","117,994",+44,"3,981,902","+2,072","361,876","3,802",,,,,,Africa,,,
,Oceania,"61,206",+246,"1,173",+5,"34,783",+15,"25,250",4,,,,,,Australia/Oceania,,,
,,721,,15,,706,,0,0,,,,,,,,,
,World,"141,798,838","+511,900","3,029,076","+5,759","120,467,641","+438,072","18,302,121","107,245","18,191",388.6,,,,All,,,
1,USA,"32,368,049","+6,769","580,828",+72,"24,912,745","+2,975","6,874,476","9,834","97,335","1,747","428,278,318","1,287,890","332,542,637",North America,10,573,1
2,India,"15,040,918","+258,457","178,567","+1,399","12,932,574","+127,480","1,929,777","8,944","10,815",128,"266,538,416","191,650","1,390,753,234",Asia,92,"7,788",5
3,Brazil,"13,900,134",,"371,889",,"12,344,861",,"1,183,384","8,318","65,028","1,740","28,600,000","133,796","213,757,680",South America,15,575,7
4,France,"5,260,182",,"100,593",,"4,081,014",,"1,078,575","5,877","80,445","1,538","71,808,202","1,098,182","65,388,253",Europe,12,650,1
5,Russia,"4,702,101","+8,632","105,582",+389,"4,326,780","+7,391","269,739","2,300","32,210",723,"125,400,000","858,997","145,984,203",Europe,31,"1,383",1
6,UK,"4,387,820","+1,882","127,270",+10,"4,150,568","+4,758","109,982",332,"64,367","1,867","140,944,028","2,067,568","68,169,005",Europe,16,536,0
7,Turkey,"4,268,447","+55,802","35,926",+318,"3,687,590","+43,856","544,931","3,275","50,183",422,"43,768,759","514,577","85,057,795",Asia,20,"2,368",2
8,Italy,"3,870,131","+12,694","116,927",+251,"3,248,593","+13,134","504,611","3,311","64,084","1,936","55,094,444","912,294","60,391,111",Europe,16,516,1
9,Spain,"3,407,283",,"76,981",,"3,129,234",,"201,068","2,180","72,853","1,646","44,285,495","946,895","46,769,173",Europe,14,608,1
10,Germany,"3,144,997","+7,090","80,566",+40,"2,775,200","+10,100","289,231","4,740","37,442",959,"52,737,238","627,849","83,996,696",Europe,27,"1,043",2
11,Poland,"2,688,025","+12,153","62,032",+207,"2,311,145","+25,924","314,848","3,359","71,086","1,640","13,503,602","357,109","37,813,645",Europe,14,610,3
12,Argentina,"2,677,747",,"59,164",,"2,343,808",,"274,775","3,977","58,820","1,300","10,090,767","221,656","45,524,419",South America,17,769,5
13,Colombia,"2,636,076",,"67,931",,"2,457,888",,"110,257","4,299","51,373","1,324","13,774,899","268,452","51,312,421",South America,19,755,4
14,Mexico,"2,304,096","+4,157","212,228",+535,"1,826,646","+2,914","265,222","4,798","17,723","1,632","6,400,316","49,231","130,005,664",North America,56,613,20
15,Iran,"2,237,089","+21,644","66,732",+405,"1,785,358","+12,670","384,999","4,766","26,367",787,"14,386,423","169,564","84,843,688",Asia,38,"1,271",6
16,Ukraine,"1,946,510","+10,282","39,786",+250,"1,482,079","+6,523","424,645",177,"44,722",914,"8,915,393","204,836","43,524,478",Europe,22,"1,094",5
17,Peru,"1,697,626",,"56,797",,"1,619,680",,"21,149","2,616","50,926","1,704","10,374,315","311,212","33,335,152",South America,20,587,3
18,Indonesia,"1,604,348","+4,585","43,424",+96,"1,455,065","+4,873","105,859",,"5,817",157,"13,836,432","50,166","275,814,395",Asia,172,"6,352",20
19,Czechia,"1,600,347",,"28,426",+13,"1,495,624",+28,"76,297",938,"149,220","2,651","15,590,376","1,453,680","10,724,766",Europe,7,377,1
20,South Africa,"1,565,680",,"53,711",,"1,489,457",,"22,512",546,"26,138",897,"10,305,641","172,046","59,900,468",Africa,38,"1,115",6
21,Netherlands,"1,403,833","+8,505","16,916",+12,"1,170,083","+7,344","216,834",796,"81,785",985,"11,292,587","657,885","17,164,991",Europe,12,"1,015",2
22,Chile,"1,124,718","+7,370","25,177",+122,"1,053,635","+7,828","45,906","3,308","58,438","1,308","12,278,835","637,985","19,246,262",South America,17,764,2
23,Canada,"1,119,492","+5,585","23,618",+27,"1,008,545","+4,992","87,329","1,089","29,457",621,"29,803,243","784,205","38,004,425",North America,34,"1,609",1
24,Romania,"1,029,304","+2,265","26,232",+160,"940,792","+4,277","62,280","1,475","53,790","1,371","7,902,628","412,984","19,135,449",Europe,19,729,2
25,Iraq,"977,175","+6,188","14,981",+33,"856,532","+6,814","105,662",526,"23,872",366,"8,805,486","215,115","40,933,930",Asia,42,"2,732",5
26,Belgium,"947,000","+3,787","23,718",+37,"799,120","+4,614","124,162",923,"81,430","2,039","11,950,159","1,027,558","11,629,663",Europe,12,490,1
27,Philippines,"936,133","+10,098","15,960",+150,"779,084","+72,607","141,089",750,"8,454",144,"11,153,268","100,720","110,735,003",Asia,118,"6,938",10
28,Sweden,"900,138",,"13,788",,"730,387","+5,739","155,963",391,"88,690","1,359","7,847,033","773,166","10,149,222",Europe,11,736,1
29,Israel,"836,926",+44,"6,334",+3,"828,052",+88,"2,540",206,"90,994",689,"13,940,203","1,515,636","9,197,590",Asia,11,"1,452",1
30,Portugal,"831,001",+441,"16,945",+3,"788,669",+395,"25,387",109,"81,687","1,666","9,690,372","952,553","10,173,050",Europe,12,600,1
31,Pakistan,"756,285","+6,127","16,243",+149,"659,483","+4,527","80,559","4,446","3,372",72,"11,144,367","49,690","224,277,378",Asia,297,"13,808",20
32,Hungary,"750,508","+3,706","25,184",+205,"455,029","+4,238","270,295","1,051","77,847","2,612","5,124,731","531,565","9,640,834",Europe,13,383,2
33,Bangladesh,"718,950","+3,698","10,385",+102,"614,936","+6,121","93,629",,"4,331",63,"5,170,067","31,147","165,989,196",Asia,231,"15,984",32
34,Jordan,"685,973","+2,507","8,246",+68,"638,481","+6,537","39,246",729,"66,707",802,"6,477,564","629,906","10,283,378",Asia,15,"1,247",2
35,Serbia,"662,368","+2,069","5,991",+37,"589,535","+5,437","66,842",218,"76,052",688,"3,683,511","422,937","8,709,355",Europe,13,"1,454",2
36,Switzerland,"632,399",,"10,508",+3,"568,416",,"53,475",235,"72,649","1,207","6,538,153","751,096","8,704,812",Europe,14,828,1
37,Austria,"593,423","+2,076","9,898",+28,"555,218","+2,599","28,307",546,"65,592","1,094","28,823,897","3,185,957","9,047,172",Europe,15,914,0
38,Japan,"529,829","+4,611","9,622",+38,"480,793","+2,415","39,414",723,"4,199",76,"10,886,748","86,287","126,168,345",Asia,238,"13,112",12
39,Lebanon,"508,503",,"6,886",,"423,848",,"77,769",774,"74,768","1,012","3,814,173","560,816","6,801,110",Asia,13,988,2
40,Morocco,"505,811",+364,"8,945",+1,"491,810",+273,"5,056",235,"13,576",240,"6,163,347","165,428","37,256,892",Africa,74,"4,165",6
41,UAE,"497,154","+1,930","1,554",+4,"479,566","+1,503","16,034",,"49,790",156,"41,767,180","4,182,996","9,984,991",Asia,20,"6,425",0
42,Saudi Arabia,"404,970",+916,"6,823",+13,"388,702",+907,"9,445","1,044","11,491",194,"16,174,957","458,962","35,242,438",Asia,87,"5,165",2
43,Bulgaria,"385,963",,"15,138",,"305,237",,"65,588",797,"55,882","2,192","2,357,428","341,322","6,906,762",Europe,18,456,3
44,Slovakia,"375,974",+638,"11,106",+63,"255,300",,"109,568",438,"68,838","2,033","2,503,748","458,415","5,461,744",Europe,15,492,2
45,Malaysia,"375,054","+2,195","1,378",+8,"353,822","+1,427","19,854",219,"11,472",42,"8,601,726","263,097","32,694,152",Asia,87,"23,726",4
46,Panama,"360,597",,"6,187",,"350,347",,"4,063",105,"82,546","1,416","2,292,939","524,886","4,368,453",North America,12,706,2
47,Ecuador,"358,157",,"17,641",,"298,604",,"41,912",618,"20,059",988,"1,225,383","68,630","17,854,857",South America,50,"1,012",15
48,Belarus,"344,223","+1,300","2,423",+10,"334,852","+1,479","6,948",,"36,438",256,"5,666,746","599,855","9,446,852",Europe,27,"3,899",2
49,Greece,"315,273","+1,829","9,462",+65,"267,947",,"37,864",841,"30,366",911,"7,468,808","719,364","10,382,515",Europe,33,"1,097",1
50,Croatia,"307,790","+1,565","6,562",+39,"285,560","+2,142","15,668",194,"75,345","1,606","1,700,615","416,297","4,085,101",Europe,13,623,2
51,Azerbaijan,"300,666","+2,144","4,140",+33,"264,403","+1,923","32,123",,"29,444",405,"3,108,924","304,450","10,211,601",Asia,34,"2,467",3
52,Georgia,"295,358",+818,"3,939",+14,"280,915",+783,"10,504",,"74,153",989,"3,875,789","973,064","3,983,076",Asia,13,"1,011",1
53,Bolivia,"288,545","+1,185","12,634",+9,"237,313",+858,"38,598",71,"24,455","1,071","1,037,899","87,965","11,798,982",South America,41,934,11
54,Kazakhstan,"287,001","+2,828","3,384",+20,"246,323","+1,806","37,294",221,"15,142",179,"9,523,633","502,447","18,954,495",Asia,66,"5,601",2
55,Nepal,"284,673","+1,015","3,083",+8,"275,300",+262,"6,290",,"9,633",104,"2,345,501","79,372","29,550,643",Asia,104,"9,585",13
56,Tunisia,"283,976",,"9,717",,"234,012",,"40,247",462,"23,830",815,"1,223,338","102,659","11,916,569",Africa,42,"1,226",10
57,Palestine,"280,741",+988,"3,017",+34,"247,359","+2,064","30,365",170,"54,042",581,"1,679,032","323,210","5,194,856",Asia,19,"1,722",3
58,Dominican Republic,"261,129",+502,"3,418",+4,"218,724",+418,"38,987",157,"23,882",313,"1,370,499","125,342","10,934,086",North America,42,"3,199",8
59,Kuwait,"255,860",,"1,440",,"239,027",,"15,393",250,"59,220",333,"2,213,624","512,352","4,320,510",Asia,17,"3,000",2
60,Paraguay,"248,364",,"5,251",,"203,982",,"39,131",499,"34,486",729,"1,013,989","140,795","7,201,883",South America,29,"1,372",7
61,Moldova,"245,897",+403,"5,571",+23,"231,235","+1,145","9,091",263,"61,070","1,384","935,872","232,428","4,026,504",Europe,16,723,4
62,Ireland,"243,508",+270,"4,836",+1,"224,471",+506,"14,201",47,"48,883",971,"4,271,454","857,470","4,981,461",Europe,20,"1,030",1
63,Denmark,"242,633",+902,"2,455",+3,"231,166",+528,"9,012",35,"41,773",423,"31,934,942","5,498,063","5,808,399",Europe,24,"2,366",0
64,Ethiopia,"240,236",,"3,328",,"178,705",,"58,203","1,027","2,050",28,"2,494,258","21,281","117,205,948",Africa,488,"35,218",47
65,Lithuania,"233,631",+726,"3,760",+6,"211,411",+105,"18,460",173,"86,788","1,397","2,605,277","967,799","2,691,961",Europe,12,716,1
66,Slovenia,"232,071",+478,"4,159",+6,"215,986",+714,"11,926",153,"111,617","2,000","1,130,141","543,555","2,079,165",Europe,9,500,2
67,Costa Rica,"228,577",,"3,071",,"196,974",,"28,532",236,"44,548",599,"895,974","174,620","5,130,981",North America,22,"1,671",6
68,Egypt,"215,484",,"12,694",,"162,714",,"40,076",90,"2,075",122,"2,677,262","25,778","103,858,031",Africa,482,"8,182",39
69,Guatemala,"212,307",,"7,190",,"190,388",,"14,729",5,"11,680",396,"1,161,896","63,920","18,177,218",North America,86,"2,528",16
70,Armenia,"208,520",+547,"3,878",+19,"187,466",+210,"17,176",,"70,265","1,307","935,427","315,209","2,967,643",Asia,14,765,3
71,Honduras,"200,259",+577,"4,954",+20,"76,235",,"119,070",576,"19,968",494,"558,803","55,718","10,029,110",North America,50,"2,024",18
72,Qatar,"195,757",,376,,"173,257",,"22,124",469,"69,719",134,"1,834,731","653,440","2,807,805",Asia,14,"7,468",2
73,Bosnia and Herzegovina,"188,994",,"7,788",,"145,863",,"35,343",,"57,893","2,386","862,452","264,186","3,264,563",Europe,17,419,4
74,Venezuela,"181,903",,"1,888",,"164,530",,"15,485",274,"6,411",67,"3,359,014","118,393","28,371,828",South America,156,"15,027",8
75,Oman,"180,031","+3,363","1,878",+57,"160,324","+3,479","17,829",261,"34,562",361,"1,550,000","297,570","5,208,866",Asia,29,"2,774",3
76,Libya,"171,880",+749,"2,896",+14,"157,010",+666,"11,974",,"24,748",417,"929,790","133,875","6,945,208",Africa,40,"2,398",7
77,Nigeria,"164,207",,"2,061",,"154,325",,"7,821",11,781,10,"1,838,174","8,746","210,162,742",Africa,"1,280","101,971",114
78,Bahrain,"163,113",,592,+4,"151,286",,"11,235",91,"93,317",339,"3,887,079","2,223,793","1,747,950",Asia,11,"2,953",0
79,Uruguay,"162,400",,"1,848",,"129,336",,"31,216",523,"46,623",531,"1,620,817","465,312","3,483,290",South America,21,"1,885",2
80,Kenya,"151,653",+366,"2,481",+18,"101,642",+280,"47,530",264,"2,772",45,"1,603,332","29,309","54,705,045",Africa,361,"22,050",34
81,North Macedonia,"147,094",+361,"4,443",+24,"122,810",+689,"19,841",124,"70,606","2,133","691,255","331,807","2,083,306",Europe,14,469,3
82,Myanmar,"142,628",+9,"3,206",,"131,895",+6,"7,527",,"2,608",59,"2,558,694","46,778","54,699,109",Asia,384,"17,061",21
83,Albania,"129,594",+138,"2,342",+2,"101,584",+442,"25,668",18,"45,072",815,"603,410","209,860","2,875,298",Europe,22,"1,228",5
84,Algeria,"119,642",+156,"3,155",+3,"83,397",+111,"33,090",21,"2,690",71,"230,861","5,191","44,476,322",Africa,372,"14,097",193
85,Estonia,"117,554",+543,"1,092",+10,"101,879",+408,"14,583",54,"88,570",823,"1,231,295","927,708","1,327,244",Europe,11,"1,215",1
86,S. Korea,"114,115",+671,"1,797",+3,"104,006",+412,"8,312",102,"2,224",35,"8,396,067","163,652","51,304,253",Asia,450,"28,550",6
87,Latvia,"111,334",+337,"2,053",+5,"101,944",,"7,337",86,"59,551","1,098","2,122,489","1,135,287","1,869,562",Europe,17,911,1
88,Norway,"107,369",+225,708,,"88,952",,"17,709",51,"19,683",130,"4,967,185","910,600","5,454,850",Europe,51,"7,705",1
89,Sri Lanka,"96,796",+357,618,+1,"93,113",+281,"3,065",,"4,505",29,"2,374,627","110,527","21,484,525",Asia,222,"34,765",9
90,Montenegro,"95,551",+174,"1,429",+2,"90,903",+295,"3,219",69,"152,120","2,275","360,958","574,656","628,129",Europe,7,440,2
91,Cuba,"93,511","+1,037",525,+13,"88,035",+974,"4,951",64,"8,260",46,"3,363,901","297,135","11,321,119",North America,121,"21,564",3
92,Kyrgyzstan,"91,883",+244,"1,549",+3,"86,907",+134,"3,427",25,"13,902",234,"932,375","141,071","6,609,247",Asia,72,"4,267",7
93,Ghana,"91,663",,771,,"89,530",,"1,362",9,"2,902",24,"1,043,734","33,046","31,584,523",Africa,345,"40,966",30
94,Zambia,"90,918",+74,"1,235",+1,"88,718",+163,965,50,"4,839",66,"1,346,505","71,665","18,788,816",Africa,207,"15,214",14
95,Uzbekistan,"86,680",+342,638,+2,"84,043",+205,"1,999",23,"2,560",19,"1,377,915","40,703","33,852,789",Asia,391,"53,061",25
96,Finland,"84,131",,887,,"46,000",,"37,244",34,"15,165",160,"4,264,615","768,737","5,547,559",Europe,66,"6,254",1
97,Mozambique,"69,134",,798,,"61,207",,"7,129",68,"2,164",25,"503,001","15,746","31,944,020",Africa,462,"40,030",64
98,El Salvador,"67,557",+153,"2,075",+3,"63,787",+102,"1,695",62,"10,374",319,"888,633","136,457","6,512,179",North America,96,"3,138",7
99,Cameroon,"64,809",,939,,"57,821",,"6,049",385,"2,394",35,"1,257,949","46,477","27,066,166",Africa,418,"28,824",22
100,Luxembourg,"64,746",,785,,"60,627",,"3,334",30,"102,119","1,238","2,548,684","4,019,841","634,026",Europe,10,808,0
101,Singapore,"60,831",+23,30,,"60,485",+22,316,2,"10,333",5,"9,036,706","1,535,074","5,886,820",Asia,97,"196,227",1
102,Afghanistan,"57,898",+105,"2,546",+6,"52,168",+52,"3,184","1,124","1,461",64,"382,972","9,666","39,619,357",Asia,684,"15,561",103
103,Cyprus,"55,407",,288,,"39,061",,"16,058",65,"45,628",237,"4,280,069","3,524,637","1,214,329",Asia,22,"4,216",0
104,Namibia,"46,515",,602,,"44,437",,"1,476",29,"18,048",234,"370,004","143,566","2,577,241",Africa,55,"4,281",7
105,Ivory Coast,"45,519",,274,,"45,064",,181,,"1,693",10,"557,294","20,723","26,892,632",Africa,591,"98,148",48
106,Botswana,"44,075",,671,,"39,493",,"3,911",1,"18,448",281,"969,789","405,924","2,389,088",Africa,54,"3,560",2
107,Jamaica,"43,890",+206,723,+2,"19,710",+111,"23,457",35,"14,771",243,"314,803","105,943","2,971,427",North America,68,"4,110",9
108,Thailand,"42,352","+1,767",101,+2,"28,750",,"13,501",1,606,1,"8,124,896","116,171","69,939,103",Asia,"1,651","692,466",9
109,Uganda,"41,378",+38,338,,"40,898",,142,24,883,7,"986,829","21,052","46,875,190",Africa,"1,133","138,684",48
110,Senegal,"39,782",+51,"1,091",+1,"38,511",+70,180,19,"2,328",64,"464,096","27,154","17,091,143",Africa,430,"15,666",37
111,Zimbabwe,"37,699",,"1,552",,"35,005",,"1,142",12,"2,508",103,"401,364","26,697","15,034,019",Africa,399,"9,687",37
112,Malawi,"33,919",,"1,136",,"31,717",,"1,066",15,"1,738",58,"226,302","11,594","19,519,025",Africa,575,"17,182",86
113,Madagascar,"32,205",+588,542,+4,"25,798",+327,"5,865",294,"1,140",19,"166,522","5,894","28,251,355",Africa,877,"52,124",170
114,Sudan,"31,790",,"2,208",,"25,539",,"4,043",,712,49,"232,965","5,217","44,655,932",Africa,"1,405","20,225",192
115,Malta,"29,966",+39,409,,"28,962",+52,595,,"67,723",924,"846,001","1,911,966","442,477",Europe,15,"1,082",1
116,Australia,"29,513",+19,910,,"26,435",+12,"2,168",,"1,147",35,"16,353,769","635,490","25,734,122",Australia/Oceania,872,"28,279",2
117,DRC,"28,956",+62,745,,"25,841",,"2,370",,316,8,"145,038","1,582","91,700,324",Africa,"3,167","123,088",632
118,Maldives,"26,145",,69,,"23,482",,"2,594",53,"47,704",126,"683,386","1,246,911","548,063",Asia,21,"7,943",1
119,Angola,"24,300",,561,,"22,576",,"1,163",20,722,17,"445,121","13,220","33,669,143",Africa,"1,386","60,016",76
120,Rwanda,"23,866",,322,,"22,082",,"1,462",6,"1,807",24,"1,253,747","94,945","13,205,039",Africa,553,"41,009",11
121,Mongolia,"21,995","+1,340",44,+3,"11,877",+427,"10,074",88,"6,625",13,"2,554,027","769,282","3,320,012",Asia,151,"75,455",1
122,Gabon,"21,858",,133,,"18,507",,"3,218",20,"9,641",59,"687,026","303,041","2,267,109",Africa,104,"17,046",3
123,Guinea,"21,460",,138,,"18,882",,"2,440",24,"1,600",10,"419,860","31,302","13,413,017",Africa,625,"97,196",32
124,Syria,"21,004",,"1,437",,"14,721",,"4,846",,"1,178",81,"103,566","5,807","17,835,491",Asia,849,"12,412",172
125,Cabo Verde,"19,975",,189,,"17,870",,"1,916",23,"35,621",337,"141,125","251,663","560,769",Africa,28,"2,967",4
126,Mayotte,"19,757",,168,,"2,964",,"16,625",6,"71,068",604,"165,683","595,982","278,000",Africa,14,"1,655",2
127,French Polynesia,"18,696",,141,,"4,842",,"13,713",1,"66,252",500,"26,355","93,393","282,196",Australia/Oceania,15,"2,001",11
128,Réunion,"18,425",,135,,"16,794",,"1,496",54,"20,464",150,"100,098","111,173","900,379",Africa,49,"6,669",9
129,Eswatini,"18,415",,671,,"17,682",,62,3,"15,744",574,"178,172","152,326","1,169,679",Africa,64,"1,743",7
130,Mauritania,"18,121",,452,,"17,473",,196,14,"3,818",95,"220,359","46,432","4,745,835",Africa,262,"10,500",22
131,French Guiana,"18,081",,95,,"9,995",,"7,991",13,"59,326",312,"200,985","659,454","304,775",South America,17,"3,208",2
132,Tajikistan,"13,308",,90,,"13,218",,0,,"1,371",9,,,"9,706,497",Asia,729,"107,850",
133,Burkina Faso,"13,114",,154,,"12,750",,210,,614,7,"176,583","8,269","21,354,113",Africa,"1,628","138,663",121
134,Mali,"12,980",,429,,"7,385",,"5,166",,627,21,"245,703","11,864","20,709,345",Africa,"1,595","48,274",84
135,Haiti,"12,918",,251,,"11,791",,876,,"1,122",22,"60,085","5,219","11,512,552",North America,891,"45,867",192
136,Somalia,"12,837",,656,,"5,346",,"6,835",,790,40,"102,486","6,310","16,241,914",Africa,"1,265","24,759",158
137,Andorra,"12,771",,123,,"12,159",,489,29,"165,079","1,590","193,595","2,502,424","77,363",Europe,6,629,0
138,Guadeloupe,"12,717",,176,,"2,242",,"10,299",13,"31,778",440,"164,128","410,137","400,178",North America,31,"2,274",2
139,Belize,"12,538",,318,,"12,143",,77,1,"31,086",788,"109,796","272,225","403,328",North America,32,"1,268",4
140,Togo,"12,496",,119,,"10,163",,"2,214",,"1,482",14,"299,315","35,499","8,431,597",Africa,675,"70,854",28
141,Curaçao,"11,837",,88,,"9,011",,"2,738",22,"71,902",535,"89,140","541,470","164,626",North America,14,"1,871",2
142,Guyana,"11,762",,268,,"10,161",,"1,333",13,"14,897",339,"107,093","135,636","789,564",South America,67,"2,946",7
143,Hong Kong,"11,684",+30,209,,"11,270",+12,205,4,"1,549",28,"11,193,673","1,483,549","7,545,198",Asia,646,"36,101",1
144,Lesotho,"10,709",,315,,"5,028",,"5,366",,"4,968",146,"71,629","33,228","2,155,713",Africa,201,"6,844",30
145,Djibouti,"10,460",+48,116,+2,"9,172",+182,"1,172",,"10,467",116,"144,015","144,107","999,362",Africa,96,"8,615",7
146,South Sudan,"10,432",,114,,"10,148",,170,,923,10,"142,254","12,592","11,297,620",Africa,"1,083","99,102",79
147,Aruba,"10,305",,92,,"9,725",,488,14,"96,195",859,"140,062","1,307,451","107,126",North America,10,"1,164",1
148,Congo,"10,084",,139,,"8,208",,"1,737",,"1,793",25,"92,500","16,444","5,625,046",Africa,558,"40,468",61
149,Martinique,"9,890",,64,,98,,"9,728",24,"26,371",171,"140,946","375,822","375,034",North America,38,"5,860",3
150,Papua New Guinea,"9,738",+223,89,+5,846,,"8,803",,"1,072",10,"70,260","7,737","9,080,807",Australia/Oceania,933,"102,032",129
151,Bahamas,"9,634",,194,,"8,984",,456,3,"24,315",490,"81,855","206,589","396,221",North America,41,"2,042",5
152,Suriname,"9,545",,187,,"8,805",,553,13,"16,156",317,"47,316","80,088","590,798",South America,62,"3,159",12
153,Trinidad and Tobago,"8,806",,150,,"7,908",,748,8,"6,276",107,"119,953","85,492","1,403,087",North America,159,"9,354",12
154,Benin,"7,611",,95,,"6,728",,788,35,615,8,"575,088","46,479","12,373,092",Africa,"1,626","130,243",22
155,Equatorial Guinea,"7,259",,106,,"6,885",,268,11,"5,044",74,"116,266","80,788","1,439,155",Africa,198,"13,577",12
156,Nicaragua,"6,778",,180,,"4,225",,"2,373",,"1,014",27,,,"6,686,946",North America,987,"37,150",
157,Cambodia,"6,389",+618,43,+4,"2,476",+60,"3,870",,378,3,"811,284","47,999","16,901,990",Asia,"2,645","393,070",21
158,Iceland,"6,286",,29,,"6,184",,73,3,"18,327",85,"568,908","1,658,624","343,000",Europe,55,"11,828",1
159,Yemen,"5,770",,"1,119",,"2,209",,"2,442",23,190,37,"22,934",756,"30,343,828",Asia,"5,259","27,117","1,323"
160,CAR,"5,728",,75,,"5,112",,541,2,"1,170",15,"40,907","8,355","4,896,095",Africa,855,"65,281",120
161,Gambia,"5,720",,170,,"5,190",,360,3,"2,316",69,"60,815","24,621","2,470,054",Africa,432,"14,530",41
162,Niger,"5,116",,190,,"4,771",,155,1,206,8,"95,186","3,824","24,893,250",Africa,"4,866","131,017",262
163,San Marino,"5,026",,87,,"4,724",,215,4,"147,876","2,560","58,004","1,706,602","33,988",Europe,7,391,1
164,Seychelles,"4,875",,25,,"4,351",,499,,"49,327",253,"21,504","217,586","98,830",Africa,20,"3,953",5
165,Chad,"4,691",,168,,"4,335",,188,,279,10,"110,863","6,600","16,796,394",Africa,"3,581","99,979",152
166,Saint Lucia,"4,401",,67,,"4,238",,96,3,"23,880",364,"38,600","209,449","184,293",North America,42,"2,751",5
167,Gibraltar,"4,291",,94,,"4,181",,16,1,"127,394","2,791","225,212","6,686,222","33,683",Europe,8,358,0
168,Channel Islands,"4,053",,86,,"3,956",,11,1,"23,142",491,"399,901","2,283,413","175,133",Europe,43,"2,036",0
169,Sierra Leone,"4,020",,79,,"2,848",,"1,093",,496,10,"118,332","14,600","8,104,959",Africa,"2,016","102,594",68
170,Comoros,"3,815",,146,,"3,589",,80,,"4,315",165,,,"884,209",Africa,232,"6,056",
171,Barbados,"3,773",,44,,"3,656",,73,,"13,116",153,"148,276","515,465","287,655",North America,76,"6,538",2
172,Guinea-Bissau,"3,710",,66,,"3,117",,527,9,"1,851",33,"61,481","30,669","2,004,645",Africa,540,"30,373",33
173,Eritrea,"3,491",,10,,"3,288",,193,,974,3,"23,693","6,608","3,585,246",Africa,"1,027","358,525",151
174,Burundi,"3,477",,6,,773,,"2,698",,286,0.5,"90,019","7,397","12,169,053",Africa,"3,500","2,028,176",135
175,Liechtenstein,"2,813",+9,56,,"2,665",,92,3,"73,610","1,465","32,252","843,962","38,215",Europe,14,682,1
176,Vietnam,"2,781",,35,,"2,475",,271,,28,0.4,"2,598,753","26,509","98,032,653",Asia,"35,251","2,800,933",38
177,New Zealand,"2,595",+4,26,,"2,467",+3,102,,519,5,"1,972,640","394,362","5,002,100",Australia/Oceania,"1,928","192,388",3
178,Monaco,"2,395",,31,,"2,282",,82,6,"60,690",786,"51,953","1,316,499","39,463",Europe,16,"1,273",1
179,Turks and Caicos,"2,369",,17,,"2,291",+1,61,2,"60,540",434,"45,274","1,156,986","39,131",North America,17,"2,302",1
180,Sao Tome and Principe,"2,275",,35,,"2,210",,30,,"10,231",157,"12,597","56,648","222,372",Africa,98,"6,353",18
181,Sint Maarten,"2,205",,27,,"2,144",,34,1,"50,970",624,"25,322","585,331","43,261",North America,20,"1,602",2
182,Bermuda,"2,123",,18,,"1,237",,868,41,"34,190",290,"225,628","3,633,594","62,095",North America,29,"3,450",0
183,Liberia,"2,042",,85,,"1,899",,58,2,396,17,"79,684","15,469","5,151,337",Africa,"2,523","60,604",65
184,St. Vincent Grenadines,"1,819",,10,,"1,677",,132,2,"16,355",90,"44,072","396,260","111,220",North America,61,"11,122",3
185,Saint Martin,"1,702",,12,,"1,399",,291,7,"43,433",306,"27,588","704,009","39,187",North America,23,"3,266",1
186,Isle of Man,"1,575",,29,,"1,534",,12,,"18,445",340,"44,761","524,195","85,390",Europe,54,"2,944",2
187,Caribbean Netherlands,"1,546",,15,,"1,444",,87,,"58,525",568,"10,025","379,505","26,416",North America,17,"1,761",3
188,Timor-Leste,"1,306",+70,2,,665,+21,639,,976,1,"55,958","41,814","1,338,266",Asia,"1,025","669,133",24
189,Antigua and Barbuda,"1,216",,31,,986,,199,4,"12,336",314,"16,493","167,319","98,572",North America,81,"3,180",6
190,Mauritius,"1,203",,15,,934,,254,,945,12,"358,675","281,657","1,273,445",Africa,"1,059","84,896",4
191,Taiwan,"1,073",+1,11,,"1,033",,29,,45,0.5,"513,203","21,517","23,851,025",Asia,"22,228","2,168,275",46
192,Bhutan,952,,1,,878,,73,,"1,223",1,"661,950","850,468","778,336",Asia,818,"778,336",1
193,St. Barth,934,,1,,462,,471,,"94,334",101,"26,385","2,664,882","9,901",North America,11,"9,901",0
194,Diamond Princess,712,,13,,699,,0,,,,,,,,,,
195,Faeroe Islands,662,,1,,660,,1,,"13,507",20,"248,528","5,070,965","49,010",Europe,74,"49,010",0
196,Cayman Islands,525,,2,,499,,24,,"7,915",30,"86,495","1,303,951","66,333",North America,126,"33,167",1
197,Tanzania,509,,21,,183,,305,7,8,0.3,,,"61,071,876",Africa,"119,984","2,908,185",
198,Wallis and Futuna,438,,5,,44,,389,3,"39,524",451,"11,002","992,781","11,082",Australia/Oceania,25,"2,216",1
199,Brunei,221,,3,,206,,12,,501,7,"116,596","264,511","440,798",Asia,"1,995","146,933",4
200,British Virgin Islands,187,,1,,182,,4,,"6,153",33,"35,791","1,177,684","30,391",North America,163,"30,391",1
201,Dominica,165,,,,159,,6,,"2,288",,"13,500","187,167","72,128",North America,437,,5
202,Grenada,155,,1,,152,,2,,"1,372",9,"23,989","212,410","112,937",North America,729,"112,937",5
203,New Caledonia,123,,,,58,,65,,428,,"29,593","102,870","287,673",Australia/Oceania,"2,339",,10
204,Fiji,72,,2,,65,,5,,80,2,"42,492","47,130","901,596",Australia/Oceania,"12,522","450,798",21
205,Falkland Islands,62,,,,55,,7,,"17,416",,"7,191","2,019,944","3,560",South America,57,,0
206,Laos,58,,,,49,,9,,8,,"146,865","19,957","7,359,048",Asia,"126,880",,50
207,Macao,49,,,,48,,1,,75,,"4,418","6,731","656,337",Asia,"13,395",,149
208,Saint Kitts and Nevis,44,,,,44,,0,,822,,"12,381","231,434","53,497",North America,"1,216",,4
209,Greenland,31,,,,31,,0,,545,,"20,669","363,584","56,848",North America,"1,834",,3
210,Anguilla,29,,,,25,,4,,"1,919",,"17,376","1,150,043","15,109",North America,521,,1
211,Vatican City,27,,,,15,,12,,"33,624",,,,803,Europe,30,,
212,Saint Pierre Miquelon,25,,,,24,,1,,"4,332",,"5,318","921,504","5,771",North America,231,,1
213,Montserrat,20,,1,,19,,0,,"4,005",200,"1,313","262,915","4,994",North America,250,"4,994",4
214,Solomon Islands,20,,,,18,,2,,29,,"4,500","6,427","700,149",Australia/Oceania,"35,007",,156
215,Western Sahara,10,,1,,8,,1,,16,2,,,"608,904",Africa,"60,890","608,904",
216,MS Zaandam,9,,2,,7,,0,,,,,,,,,,
217,Marshall Islands,4,,,,4,,0,,67,,,,"59,507",Australia/Oceania,"14,877",,
218,Samoa,3,,,,2,,1,,15,,,,"199,460",Australia/Oceania,"66,487",,
219,Vanuatu,3,,,,1,,2,,10,,470,"1,503","312,800",Australia/Oceania,"104,267",,666
220,Micronesia,1,,,,1,,0,,9,,,,"115,978",Australia/Oceania,"115,978",,
221,China,"90,499",+16,"4,636",,"85,549",+11,314,5,63,3,"160,000,000","111,163","1,439,323,776",Asia,"15,904","310,467",9
,Total:,"37,378,156","+18,986","846,577",+676,"29,038,932","+12,487","7,492,647","17,106",,,,,,North America,,,
,Total:,"33,781,298","+396,098","467,260","+2,999","29,440,130","+303,995","3,873,908","29,379",,,,,,Asia,,,
,Total:,"23,315,120","+8,555","620,770",+131,"20,882,653","+8,686","1,811,697","24,542",,,,,,South America,,,
,Total:,"42,800,565","+85,519","975,287","+1,904","37,088,535","+110,817","4,736,743","32,412",,,,,,Europe,,,
,Total:,"4,461,772","+2,496","117,994",+44,"3,981,902","+2,072","361,876","3,802",,,,,,Africa,,,
,Total:,"61,206",+246,"1,173",+5,"34,783",+15,"25,250",4,,,,,,Australia/Oceania,,,
,Total:,721,,15,,706,,0,0,,,,,,,,,
,Total:,"141,798,838","+511,900","3,029,076","+5,759","120,467,641","+438,072","18,302,121","107,245","18,191.5",388.6,,,,All,,,
